Count,Name,SetCode,CollectorNumber
3,Boomerang Basics,,
4,Colorstorm Stallion,,
4,Drake Hatcher,,
4,Flow State,,
4,Get Out,,
1,Great Hall of the Biblioplex,,
1,Heart Sliver,,
2,Impractical Joke,,
2,Into the Flood Maw,,
4,Lightstall Inquisitor,,
4,Lorehold Charm,,
4,Multiversal Passage,,
1,Petrified Hamlet,,
4,Prismari Charm,,
4,Riverpyre Verge,,
2,Roaring Furnace // Steaming Sauna,,
1,Sacred Foundry,,
3,Secret Identity,,
2,Slagstorm,,
1,Sliver Legion,,
1,Soulstone Sanctuary,,
3,Steam Vents,,
4,Stormchaser's Talent,,
2,Sunderflock,,
4,Vibrant Outburst,,
1,Wild Ride,,
